region,hist,sample,value,error
2JB,Meff,ttbar,306.86401039361954,24.490956649712793
2JB,Meff,signal,5.2793000638484955,1.4642143906743126
2JB,MTL,ttbar,953.3115527033806,43.932953132639305
2JB,MTL,signal,8.122000098228455,1.8161344332898794
2JBveto,Meff,ttbar,154.01319620758295,17.85699100741656
2JBveto,Meff,signal,34.51850041747093,3.7440570493877217
2JBveto,MTL,ttbar,507.5964864566922,32.3937977805905
2JBveto,MTL,signal,49.54420059919357,4.485521163328183
4JLowxB,Meff,ttbar,187.66402530670166,19.66685205750819
4JLowxB,Meff,signal,0.05996282398700714,0.02998141199350357
4JLowxB,MTL,ttbar,736.629809295293,39.05051230778468
4JLowxB,MTL,signal,0.05996282398700714,0.02998141199350357
4JLowxBveto,Meff,ttbar,22.671546936035156,6.654793069547404
4JLowxBveto,Meff,signal,0.3297955319285393,0.07031264365804417
4JLowxBveto,MTL,ttbar,156.64392291626427,17.931849397220223
4JLowxBveto,MTL,signal,0.7195538878440857,0.10385865771080617
4JHighxB,Meff,ttbar,16.65614116191864,7.097302907732884
4JHighxB,Meff,signal,0.0,0.0
4JHighxB,MTL,ttbar,736.629809295293,39.05051230778468
4JHighxB,MTL,signal,0.16489776596426964,0.04971854713375633
4JHighxBveto,Meff,ttbar,3.982140064239502,2.8282165276546394
4JHighxBveto,Meff,signal,0.0,0.0
4JHighxBveto,MTL,ttbar,156.64392291626427,17.931849397220223
4JHighxBveto,MTL,signal,0.7195538878440857,0.10385865771080617
6JB,Meff,ttbar,68.25853502750397,11.82398372793653
6JB,Meff,signal,0.012668614275753498,0.012668614275753498
6JB,MTL,ttbar,429.52474411344156,29.63629013968579
6JB,MTL,signal,0.19002921413630247,0.049065332109518835
6JBveto,Meff,ttbar,13.900752782821655,5.855663669456925
6JBveto,Meff,signal,0.038005842827260494,0.021942683587097455
6JBveto,MTL,ttbar,84.21896779537201,13.306694344376568
6JBveto,MTL,signal,0.5827562566846609,0.08592272244709176
